File Type,Rigid Body Asset
Version,1
Name,Tracker 53
ID,7654811976882393581
Color,222,0,255
Units,m
Point,Point 1,-0.013462,-0.014776,0.018147,None
Point,Point 2,-0.002298,0.006313,0.020604,None
Point,Point 3,0.023227,-0.014811,0.011665,None
Point,Point 4,0.018965,0.019371,-0.023135,None
Point,Point 5,-0.026433,0.003902,-0.027281,None
