File Type,Rigid Body Asset
Version,1
Name,M4_klein
ID,16509037488816329197
Color,146,0,168
Units,m
Point,Point 1,0.000265,0.010534,-0.028826,None
Point,Point 2,-0.024474,0.010939,0.003177,None
Point,Point 3,0.011590,0.008210,0.013373,None
Point,Point 4,-0.006749,-0.014102,0.014816,None
Point,Point 5,0.019367,-0.015582,-0.002540,None
