File Type,Rigid Body Asset
Version,1
Name,FT-Tracker-4
ID,9776388974858605037
Color,255,163,128
Units,m
Point,Point 1,0.025042,-0.017946,0.003145,None
Point,Point 2,-0.037102,-0.014838,-0.001882,None
Point,Point 3,0.005906,0.007282,-0.025489,None
Point,Point 4,0.002200,0.006936,0.023385,None
Point,Point 5,0.003955,0.018566,0.000841,None
