File Type,Rigid Body Asset
Version,1
Name,55
ID,75476966223516141
Color,191,255,128
Units,m
Point,Point 1,0.016169,-0.012272,0.010264,None
Point,Point 2,-0.000428,-0.014627,-0.023258,None
Point,Point 3,0.012435,0.009840,-0.000995,None
Point,Point 4,-0.023256,0.011884,-0.004514,None
Point,Point 5,-0.004920,0.005176,0.018504,None
