File Type,Rigid Body Asset
Version,1
Name,M4_groß
ID,10460405045512901101
Color,0,235,255
Units,m
Point,Point 1,0.002444,-0.016079,-0.030583,None
Point,Point 2,0.021001,0.011649,-0.000718,None
Point,Point 3,0.017549,-0.013457,0.012235,None
Point,Point 4,-0.029103,0.009069,-0.005898,None
Point,Point 5,-0.011891,0.008819,0.024964,None
