{
    "scale": [
        9.933486679367777,
        10.002223689122122,
        10.090329147633259,
        110.33267986639513,
        9.75635776020677,
        9.804755519863974,
        9.004422285254867,
        9.584842181100424
    ],
    "offset": [
        13.138734824484047,
        33.54655930892477,
        22.829439899464155,
        -1310.2329634496866,
        2.921852867884077,
        27.1235094193232,
        406.7905195242627,
        23.049625386733275
    ]
}