{
    "scale": [
        0.10209371402087954,
        1.6317659512828369,
        0.07904817134678947,
        0.01285847430613967
    ],
    "offset": [
        -24.157279415861694,
        -34.145912439813635,
        -39.46163111945526,
        -24.415297498566897
    ]
}