{
    "scale": [
        9.933486679367777,
        10.090329147633259,
        9.75635776020677,
        9.004422285254867,
        693.864015233704,
        0.05820535286684601,
        0.05910739753732256,
        0.046576978095155167,
        0.027874504669762892
    ],
    "offset": [
        13.138734824484047,
        22.829439899464155,
        2.921852867884077,
        406.7905195242627,
        -1733.1818021854751,
        -24.15705401612831,
        -34.31309093837146,
        -39.461349990351415,
        -24.41577843283174
    ]
}