{
    "scale": [
        10.1721056414975,
        10.058946324133677,
        11.452219924762652,
        9.900559978183134,
        506.68544291609936,
        0.08234149405820133,
        0.12999235900528688,
        0.021038680783557778,
        0.06770398250142018
    ],
    "offset": [
        16.670422334512473,
        25.63406603196763,
        7.706340994293566,
        450.8217305655859,
        -1270.323294282385,
        -17.32555632101752,
        -18.30470044335131,
        -17.269653215320954,
        -18.913606345439902
    ]
}