File Type,Rigid Body Asset
Version,1
Name,MakerJS_3dicke
ID,10977029017457725933
Color,146,0,168
Units,mm
Point,Point 1,13.721801,-20.398600,34.915600,None
Point,Point 2,-9.379310,-18.712999,-11.713700,None
Point,Point 3,-22.228001,25.735401,-20.777000,None
Point,Point 4,17.885401,13.376400,-2.425000,None
