File Type,Rigid Body Asset
Version,1
Name,Tracker Nico
ID,10297485940228100589
Color,255,0,255
Units,mm
Point,Point 1,12.991339,26.343584,-0.540810,None
Point,Point 2,16.289434,-7.143974,-4.373655,None
Point,Point 3,3.115073,3.717124,21.611605,None
Point,Point 4,-25.590439,8.193016,-6.679047,None
Point,Point 5,-6.805401,-31.109989,-10.018099,None
